<?xml version="1.0"?>
<doc>
    <assembly>
        <name>BusinessAccessLayer.Fakes</name>
    </assembly>
    <members>
        <member name="T:BusinessAccessLayer.Fakes.ShimCoordinateManager">
            <summary>Shim type of BusinessAccessLayer.CoordinateManager</summary>
        </member>
        <member name="M:BusinessAccessLayer.Fakes.ShimCoordinateManager.#ctor">
            <summary>Initializes a new shim instance</summary>
        </member>
        <member name="M:BusinessAccessLayer.Fakes.ShimCoordinateManager.#ctor(BusinessAccessLayer.CoordinateManager)">
            <summary>Initializes a new shim for the given instance</summary>
        </member>
        <member name="M:BusinessAccessLayer.Fakes.ShimCoordinateManager.BehaveAsCurrent">
            <summary>Assigns the &apos;Current&apos; behavior for all methods of the shimmed type</summary>
        </member>
        <member name="M:BusinessAccessLayer.Fakes.ShimCoordinateManager.BehaveAsNotImplemented">
            <summary>Assigns the &apos;NotImplemented&apos; behavior for all methods of the shimmed type</summary>
        </member>
        <member name="P:BusinessAccessLayer.Fakes.ShimCoordinateManager.Behavior">
            <summary>Assigns the behavior for all methods of the shimmed type</summary>
        </member>
        <member name="P:BusinessAccessLayer.Fakes.ShimCoordinateManager.Constructor">
            <summary>Sets the shim of CoordinateManager.CoordinateManager()</summary>
        </member>
        <member name="P:BusinessAccessLayer.Fakes.ShimCoordinateManager.FindLeterInformations">
            <summary>Sets the shim of CoordinateManager.FindLeter(Informations info)</summary>
        </member>
        <member name="T:BusinessAccessLayer.Fakes.ShimCoordinateManager.AllInstances">
            <summary>Define shims for all instances members</summary>
        </member>
        <member name="P:BusinessAccessLayer.Fakes.ShimCoordinateManager.AllInstances.FindLeterInformations">
            <summary>Sets the shim of CoordinateManager.FindLeter(Informations info)</summary>
        </member>
        <member name="T:BusinessAccessLayer.Fakes.StubCoordinateManager">
            <summary>Stub type of BusinessAccessLayer.CoordinateManager</summary>
        </member>
        <member name="M:BusinessAccessLayer.Fakes.StubCoordinateManager.#ctor">
            <summary>Initializes a new instance</summary>
        </member>
        <member name="M:BusinessAccessLayer.Fakes.StubCoordinateManager.InitializeStub">
            <summary>Initializes a new instance of type StubCoordinateManager</summary>
        </member>
        <member name="P:BusinessAccessLayer.Fakes.StubCoordinateManager.CallBase">
            <summary>Gets or sets a value that indicates if the base method should be called instead of the fallback behavior</summary>
        </member>
        <member name="P:BusinessAccessLayer.Fakes.StubCoordinateManager.InstanceBehavior">
            <summary>Gets or sets the instance behavior.</summary>
        </member>
        <member name="P:BusinessAccessLayer.Fakes.StubCoordinateManager.InstanceObserver">
            <summary>Gets or sets the instance observer.</summary>
        </member>
    </members>
</doc>
